﻿pos_x,pos_y,rotation,side,designator,mpn,pack,footprint,value,mount_type
115.5446,-53.9496,-90.0,top,C1,,,C_0603_1608Metric,22pF,smt
123.0206,-62.6716,0.0,bottom,C10,,,C_0603_1608Metric,100n,smt
126.2634,-60.2488,0.0,top,C2,,,C_0603_1608Metric,100nF,smt
115.5446,-60.325,90.0,top,C3,,,C_0603_1608Metric,22pF,smt
126.8844,-53.9574,-90.0,bottom,C4,,,C_0603_1608Metric,2u2,smt
125.2304,-53.9464,-90.0,bottom,C5,,,C_0603_1608Metric,2u2,smt
123.6048,-53.9464,-90.0,bottom,C6,,,C_0603_1608Metric,100n,smt
121.8776,-53.9464,-90.0,bottom,C7,,,C_0603_1608Metric,100n,smt
130.6436,-56.3834,0.0,bottom,C8,,,C_0603_1608Metric,2u2,smt
127.3256,-62.6716,0.0,bottom,C9,,,C_0603_1608Metric,100n,smt
123.063,-49.2506,90.0,top,D1,,,D_SOD-123F,1N5818WS,smt
126.0897,-56.3921,180.0,top,D2,,,D_SOD-323F,1N4448WS,smt
141.7066,-69.2404,0.0,top,D3,,,LED_0603_1608Metric,LED,smt
122.0266,-44.6278,180.0,top,J1,,,DSUB-19_Female_EdgeMount_Pitch2.77mm,Daisy port out,smt
106.7562,-58.0644,0.0,top,J2,,,IDC-Header_2x03_P2.54mm_Vertical_SMD,ICSP_ISP6,smt
138.9888,-65.2018,90.0,top,J3,,,PinHeader_1x02_P2.54mm_Vertical,UART,tht
122.1486,-69.5931,0.0,top,J4,,,DSUB-19_Male_EdgeMount_Pitch2.77mm,Daisy port in,smt
104.267,-57.15,90.0,bottom,K1,,,MICROSD-HYC77-TF09-200,HYC77-TF09-200,smt
142.2146,-46.355,90.0,top,R1,,,R_1206_3216Metric,470,smt
126.1872,-48.9966,90.0,top,R2,,,R_0603_1608Metric,10k,smt
126.2888,-53.6702,90.0,top,R3,,,R_0603_1608Metric,1k,smt
126.2421,-58.3987,0.0,top,R4,,,R_0603_1608Metric,10K,smt
126.4158,-63.8302,0.0,top,R5,,,R_0603_1608Metric,330,smt
137.6934,-68.7832,90.0,top,R6,,,R_0603_1608Metric,150,smt
130.6182,-54.58,0.0,bottom,R7,,,R_0603_1608Metric,10k,smt
132.6896,-49.8094,180.0,top,U1,,,SOP-4_3.8x4.1mm_P2.54mm,PC817C-S,smt
135.0731,-57.6431,90.0,top,U2,,,TQFP-32_7x7mm_P0.8mm,ATmega328P-AU,smt
130.4404,-51.5066,-90.0,bottom,U3,,,SOT-23-5,SE5218,smt
122.682,-58.42,0.0,bottom,U4,,,TSSOP-14-1EP_4.4x5mm_P0.65mm,TXB0104QPWRQ1,smt
118.872,-57.531,-90.0,top,Y1,,,Crystal_SMD_HC49-SD,16MHz,smt
