﻿Designator,Quantity,Value,Footprint,Package,MPN,DNP,Mount_Type,LCSC,Sim.Device,Sim.Pins
"C1, C3",2,22pF,C_0603_1608Metric,,,,smt,C1804,,
"C10, C6, C7, C9",4,100n,C_0603_1608Metric,,,,smt,C1590,,
C2,1,100nF,C_0603_1608Metric,,,,smt,C28233,,
"C4, C5, C8",3,2u2,C_0603_1608Metric,,,,smt,C1607,,
D1,1,1N5818WS,D_SOD-123F,,,,smt,C51315007,,
D2,1,1N4448WS,D_SOD-323F,,,,smt,C167101,D,1=K 2=A
D3,1,LED,LED_0603_1608Metric,,,,smt,C2288,,
J1,1,Daisy port out,DSUB-19_Female_EdgeMount_Pitch2.77mm,,,,smt,,,
J2,1,ICSP_ISP6,IDC-Header_2x03_P2.54mm_Vertical_SMD,,,,smt,C192301,,
J3,1,UART,PinHeader_1x02_P2.54mm_Vertical,,,,tht,C6273326,,
J4,1,Daisy port in,DSUB-19_Male_EdgeMount_Pitch2.77mm,,,,smt,,,
K1,1,HYC77-TF09-200,MICROSD-HYC77-TF09-200,,,,smt,C341092,,
R1,1,470,R_1206_3216Metric,,,,smt,C137212,,
"R2, R7",2,10k,R_0603_1608Metric,,,,smt,C177337,,
R3,1,1k,R_0603_1608Metric,,,,smt,C177343,,
R4,1,10K,R_0603_1608Metric,,,,smt,C17414,,
R5,1,330,R_0603_1608Metric,,,,smt,C177341,,
R6,1,150,R_0603_1608Metric,,,,smt,C177290,,
U1,1,PC817C-S,SOP-4_3.8x4.1mm_P2.54mm,,,,smt,C3008369,,
U2,1,ATmega328P-AU,TQFP-32_7x7mm_P0.8mm,,,,smt,C14877,,
U3,1,SE5218,SOT-23-5,,,,smt,C118233,,
U4,1,TXB0104QPWRQ1,TSSOP-14-1EP_4.4x5mm_P0.65mm,,,,smt,C527571,,
Y1,1,16MHz,Crystal_SMD_HC49-SD,,,,smt,C12676,,
