﻿Designator,Quantity,Value,Footprint,Package,MPN,DNP,Mount_Type,LCSC,Description
"C1, C3, C6",3,2u2,C_0603_1608Metric,,,,smt,C1607,
"C2, C4, C5, C7",4,100n,C_0603_1608Metric,,,,smt,C1590,
J1,1,Connector,PinHeader_1x06_P2.54mm_Horizontal,,,,tht,C56816,"Generic connector, single row, 01x06, script generated"
K1,1,HYC77-TF09-200,MICROSD-HYC77-TF09-200,,,,smt,C341092,
R1,1,10k,R_0603_1608Metric,,,,smt,C177337,
U1,1,SE5218,SOT-23-5,,,,smt,C118233,
U2,1,TXB0104QPWRQ1,TSSOP-14-1EP_4.4x5mm_P0.65mm,,,,smt,C527571,
