﻿pos_x,pos_y,rotation,side,designator,mpn,pack,footprint,value,mount_type
124.9426,-121.9076,90.0,top,C1,,,C_0603_1608Metric,2u2,smt
123.0382,-121.92,-90.0,top,C2,,,C_0603_1608Metric,100n,smt
138.4046,-117.6144,90.0,top,C3,,,C_0603_1608Metric,2u2,smt
136.8044,-117.6144,90.0,top,C4,,,C_0603_1608Metric,100n,smt
128.4478,-122.9614,0.0,top,C5,,,C_0603_1608Metric,100n,smt
128.4732,-124.5616,0.0,top,C6,,,C_0603_1608Metric,2u2,smt
131.5466,-124.5362,180.0,top,C7,,,C_0603_1608Metric,100n,smt
138.811,-100.3046,-90.0,top,J1,,,PinHeader_1x06_P2.54mm_Horizontal,Connector,tht
132.1562,-135.0518,0.0,top,K1,,,MICROSD-HYC77-TF09-200,HYC77-TF09-200,smt
131.5598,-122.9614,0.0,top,R1,,,R_0603_1608Metric,10k,smt
123.8662,-118.1917,-90.0,top,U1,,,SOT-23-5,SE5218,smt
130.8234,-119.0244,0.0,top,U2,,,TSSOP-14-1EP_4.4x5mm_P0.65mm,TXB0104QPWRQ1,smt
